table_schema,table_name,table_type,estimated_rows,exact_rows,prioridade_produto,uso_potencial,grupos_detectados,keywords_detectadas,n_colunas,score_utilidade_produto,score_volume,colunas_temporais,melhor_cobertura_temporal,n_colunas_reais,score_temporal,score_contrato,score_total_0_100
public,fator_capacidade_2,BASE TABLE,13778577,,essencial,"Cadastro operacional, disponibilidade, geração e seleção de usinas","usinas_cadastro, disponibilidade_operacao, dessem_balanco_programacao","usinas_cadastro: usi, usina; disponibilidade_operacao: capacidade, fator_capacidade, geracao, operacao; dessem_balanco_programacao: program",22,35,20.0,1.0,100.0,22,20.0,10.0,85.0
public,restricao_coff_eolica_usi,BASE TABLE,319680,,essencial,Identificação de restrições/curtailment e razão do corte,"restricoes_curtailment, usinas_cadastro, disponibilidade_operacao","restricoes_curtailment: limitada, razaorestricao, restr; usinas_cadastro: eolica, usi, usina; disponibilidade_operacao: dispon, geracao",16,35,20.0,1.0,100.0,16,20.0,8.0,83.0
public,restricao_coff_fotovoltaica,BASE TABLE,1675248,,essencial,Identificação de restrições/curtailment e razão do corte,"restricoes_curtailment, usinas_cadastro, disponibilidade_operacao","restricoes_curtailment: limitada, razaorestricao, restr; usinas_cadastro: usi, usina; disponibilidade_operacao: dispon, geracao",16,35,20.0,1.0,100.0,16,20.0,8.0,83.0
public,ccee_geracao_horaria_submercado,BASE TABLE,21168,,essencial,"Cadastro operacional, disponibilidade, geração e seleção de usinas","usinas_cadastro, disponibilidade_operacao",usinas_cadastro: submercado; disponibilidade_operacao: geracao,15,35,20.0,1.0,100.0,15,20.0,7.5,82.5
public,disponibilidade_usina,BASE TABLE,3376630,,essencial,"Cadastro operacional, disponibilidade, geração e seleção de usinas","usinas_cadastro, disponibilidade_operacao","usinas_cadastro: usi, usina; disponibilidade_operacao: dispon, potencia",14,35,20.0,1.0,100.0,14,20.0,7.0,82.0
public,restricao_coff_eolica_detail,BASE TABLE,68903840,,essencial,Identificação de restrições/curtailment e razão do corte,"restricoes_curtailment, usinas_cadastro, disponibilidade_operacao, meteorologia_recurso","restricoes_curtailment: restr; usinas_cadastro: eolica, usi, usina; disponibilidade_operacao: geracao, operacao; meteorologia_recurso: vento",13,35,20.0,1.0,100.0,13,20.0,6.5,81.5
public,restricao_coff_fotovoltaica_detail,BASE TABLE,9362688,,essencial,Identificação de restrições/curtailment e razão do corte,"restricoes_curtailment, usinas_cadastro, disponibilidade_operacao, meteorologia_recurso","restricoes_curtailment: restr; usinas_cadastro: usi, usina; disponibilidade_operacao: geracao, operacao; meteorologia_recurso: irradi",13,35,20.0,1.0,100.0,13,20.0,6.5,81.5
public,geracao_usina_2,BASE TABLE,14982759,,essencial,"Cadastro operacional, disponibilidade, geração e seleção de usinas","usinas_cadastro, disponibilidade_operacao","usinas_cadastro: usi, usina; disponibilidade_operacao: geracao, operacao",13,35,20.0,1.0,100.0,13,20.0,6.5,81.5
public,ccee_encargo_horario_submercado,BASE TABLE,22680,,essencial,Precificação de energia restringida e perda financeira,"preco_pld_financeiro, usinas_cadastro",preco_pld_financeiro: valor; usinas_cadastro: submercado,12,35,20.0,1.0,100.0,12,20.0,6.0,81.0
public,ccee_pld_sombra,BASE TABLE,21048,,essencial,Precificação de energia restringida e perda financeira,"preco_pld_financeiro, usinas_cadastro",preco_pld_financeiro: pld; usinas_cadastro: submercado,8,35,20.0,2.0,100.0,8,20.0,4.0,79.0
public,ccee_pld_horario,BASE TABLE,46902,,essencial,Precificação de energia restringida e perda financeira,"preco_pld_financeiro, usinas_cadastro",preco_pld_financeiro: pld; usinas_cadastro: submercado,7,35,20.0,3.0,100.0,7,20.0,3.5,78.5
public,ccee_geracao_horaria,BASE TABLE,22632,,essencial,Precificação de energia restringida e perda financeira,"preco_pld_financeiro, disponibilidade_operacao","preco_pld_financeiro: perda; disponibilidade_operacao: dispon, geracao, indispon",7,35,20.0,1.0,100.0,7,20.0,3.5,78.5
public,ccee_consumo_horario_submercado,BASE TABLE,25584,,essencial,"Cadastro operacional, disponibilidade, geração e seleção de usinas","usinas_cadastro, disponibilidade_operacao",usinas_cadastro: submercado; disponibilidade_operacao: geracao,6,35,20.0,1.0,100.0,6,20.0,3.0,78.0
public,ccee_rd_encargos_contab_horario,BASE TABLE,17472,,essencial,Precificação de energia restringida e perda financeira,"preco_pld_financeiro, usinas_cadastro",preco_pld_financeiro: valor; usinas_cadastro: submercado,6,35,20.0,2.0,100.0,6,20.0,3.0,78.0
public,ccee_geracao_horaria_fonte_submercado,BASE TABLE,25584,,essencial,"Cadastro operacional, disponibilidade, geração e seleção de usinas","usinas_cadastro, disponibilidade_operacao","usinas_cadastro: fonte, submercado; disponibilidade_operacao: geracao",6,35,20.0,1.0,100.0,6,20.0,3.0,78.0
public,ccee_rd_encargos_previa_horario,BASE TABLE,17472,,essencial,Precificação de energia restringida e perda financeira,"preco_pld_financeiro, usinas_cadastro",preco_pld_financeiro: valor; usinas_cadastro: submercado,6,35,20.0,2.0,100.0,6,20.0,3.0,78.0
public,ccee_pld_horario_submercado,BASE TABLE,25584,,essencial,Precificação de energia restringida e perda financeira,"preco_pld_financeiro, usinas_cadastro",preco_pld_financeiro: pld; usinas_cadastro: submercado,5,35,20.0,1.0,100.0,5,20.0,2.5,77.5
public,ccee_mcsd_energia_existente_apuracao_liquidacao_p3,BASE TABLE,236,,essencial,Precificação de energia restringida e perda financeira,preco_pld_financeiro,"preco_pld_financeiro: preco, valor",11,35,11.87374173005052,1.0,100.0,11,20.0,5.5,72.4
public,ccee_contrato_montante_submercado_horario,BASE TABLE,25584,,útil,Cadastro/enriquecimento de usinas e chaves de join,usinas_cadastro,usinas_cadastro: submercado,11,25,20.0,1.0,100.0,11,20.0,5.5,70.5
public,ccee_rrh_geracao_horaria,BASE TABLE,22632,,útil,"Geração, disponibilidade e validação operacional",disponibilidade_operacao,disponibilidade_operacao: geracao,8,25,20.0,1.0,100.0,8,20.0,4.0,69.0
public,ccee_sumario_be_horario_submercado,BASE TABLE,25584,,útil,Cadastro/enriquecimento de usinas e chaves de join,usinas_cadastro,"usinas_cadastro: ativo, submercado",7,25,20.0,1.0,100.0,7,20.0,3.5,68.5
public,ccee_energia_distrib_horario_submercado,BASE TABLE,74520,,útil,Cadastro/enriquecimento de usinas e chaves de join,usinas_cadastro,usinas_cadastro: submercado,6,25,20.0,1.0,100.0,6,20.0,3.0,68.0
public,ccee_penalidade_consumo_horario,BASE TABLE,24120,,útil,Cadastro/enriquecimento de usinas e chaves de join,usinas_cadastro,usinas_cadastro: submercado,5,25,20.0,1.0,100.0,5,20.0,2.5,67.5
public,ccee_pld_final_historico,BASE TABLE,66,,essencial,Precificação de energia restringida e perda financeira,"preco_pld_financeiro, usinas_cadastro",preco_pld_financeiro: pld; usinas_cadastro: submercado,6,35,9.130374013504133,2.0,100.0,6,20.0,3.0,67.1
public,aneel_siga,BASE TABLE,7217,,essencial,"Cadastro operacional, disponibilidade, geração e seleção de usinas","usinas_cadastro, disponibilidade_operacao","usinas_cadastro: empreendimento, fonte, usi, usina; disponibilidade_operacao: geracao, operacao, potencia",23,35,19.29208438861744,0.0,0.0,23,0.0,10.0,64.3
public,ccee_energia_incentivada_mensal,BASE TABLE,-1,,essencial,"Cadastro operacional, disponibilidade, geração e seleção de usinas","usinas_cadastro, disponibilidade_operacao","usinas_cadastro: usi, usina; disponibilidade_operacao: capacidade, geracao",22,35,0.0,3.0,95.65,22,19.130000000000003,10.0,64.1
public,ons_geracao_usina_mensal,BASE TABLE,20863,,essencial,"Cadastro operacional, disponibilidade, geração e seleção de usinas","usinas_cadastro, disponibilidade_operacao","usinas_cadastro: usi, usina; disponibilidade_operacao: geracao, operacao",14,35,20.0,0.0,0.0,14,0.0,7.0,62.0
public,ccee_garantia_fisica_sazo_submercado,BASE TABLE,264,,útil,Cadastro/enriquecimento de usinas e chaves de join,usinas_cadastro,"usinas_cadastro: submercado, usi, usina",7,25,12.116229369684039,1.0,100.0,7,20.0,3.5,60.6
public,ccee_garantia_fisica_sazo_lastro,BASE TABLE,348,,útil,Cadastro/enriquecimento de usinas e chaves de join,usinas_cadastro,"usinas_cadastro: usi, usina",5,25,12.714127134795898,1.0,100.0,5,20.0,2.5,60.2
public,ccee_energia_incentivada_gf_fonte,BASE TABLE,129,,útil,Cadastro/enriquecimento de usinas e chaves de join,usinas_cadastro,usinas_cadastro: fonte,8,25,10.569716761534185,5.0,87.6,8,17.52,4.0,57.1
public,ccee_pld_media_diaria,BASE TABLE,1967,,essencial,Precificação de energia restringida e perda financeira,"preco_pld_financeiro, usinas_cadastro",preco_pld_financeiro: pld; usinas_cadastro: submercado,5,35,16.470125470476614,0.0,0.0,5,0.0,2.5,54.0
public,ccee_pld_media_semanal,BASE TABLE,1304,,essencial,Precificação de energia restringida e perda financeira,"preco_pld_financeiro, usinas_cadastro",preco_pld_financeiro: pld; usinas_cadastro: submercado,5,35,15.578052558371498,0.0,0.0,5,0.0,2.5,53.1
public,ccee_mve_liquidar_agente_comprador,BASE TABLE,219,,essencial,Precificação de energia restringida e perda financeira,"preco_pld_financeiro, usinas_cadastro","preco_pld_financeiro: preco, ressarc, valor; usinas_cadastro: submercado",12,35,11.712113404111031,0.0,0.0,12,0.0,6.0,52.7
public,ccee_penalidade_classe_mensal,BASE TABLE,274,,essencial,Precificação de energia restringida e perda financeira,preco_pld_financeiro,preco_pld_financeiro: financeiro,9,35,12.196663469151314,0.0,0.0,9,0.0,4.5,51.7
public,balanco_dessem_detalhe,BASE TABLE,17150,,útil,Cadastro/enriquecimento de usinas e chaves de join,"usinas_cadastro, dessem_balanco_programacao","usinas_cadastro: eolica; dessem_balanco_programacao: balanco, dessem, program",13,25,20.0,0.0,0.0,13,0.0,6.5,51.5
public,balanco_dessem_geral,BASE TABLE,17808,,útil,"Geração, disponibilidade e validação operacional","disponibilidade_operacao, dessem_balanco_programacao","disponibilidade_operacao: geracao; dessem_balanco_programacao: balanco, dessem, program",9,25,20.0,0.0,0.0,9,0.0,4.5,49.5
public,ccee_pld_media_mensal,BASE TABLE,304,,essencial,Precificação de energia restringida e perda financeira,"preco_pld_financeiro, usinas_cadastro",preco_pld_financeiro: pld; usinas_cadastro: submercado,4,35,12.42149919673393,0.0,0.0,4,0.0,2.0,49.4
public,taxa_teif_teip,BASE TABLE,5536,,útil,Cadastro/enriquecimento de usinas e chaves de join,usinas_cadastro,"usinas_cadastro: usi, usina",10,25,18.716372617559667,0.0,0.0,10,0.0,5.0,48.7
public,taxa_teif_teip_oper,BASE TABLE,5538,,útil,Cadastro/enriquecimento de usinas e chaves de join,usinas_cadastro,"usinas_cadastro: usi, usina",10,25,18.71715682573342,0.0,0.0,10,0.0,5.0,48.7
public,ccee_ccgf_resultado_mensal,BASE TABLE,-1,,essencial,Precificação de energia restringida e perda financeira,"preco_pld_financeiro, usinas_cadastro","preco_pld_financeiro: receita; usinas_cadastro: usi, usina",13,35,0.0,0.0,0.0,13,0.0,6.5,41.5
public,ccee_geracao_fonte_primaria,BASE TABLE,-1,,essencial,"Cadastro operacional, disponibilidade, geração e seleção de usinas","usinas_cadastro, disponibilidade_operacao","usinas_cadastro: fonte, usi, usina; disponibilidade_operacao: capacidade, geracao",13,35,0.0,0.0,0.0,13,0.0,6.5,41.5
public,ccee_mcsd_energia_nova_apuracao_liquidacao,BASE TABLE,-1,,essencial,Precificação de energia restringida e perda financeira,preco_pld_financeiro,"preco_pld_financeiro: preco, valor",12,35,0.0,1.0,0.0,12,0.0,6.0,41.0
public,ccee_mre_mensal,BASE TABLE,-1,,essencial,Precificação de energia restringida e perda financeira,"preco_pld_financeiro, disponibilidade_operacao","preco_pld_financeiro: perda, valor; disponibilidade_operacao: dispon",12,35,0.0,0.0,0.0,12,0.0,6.0,41.0
public,ccee_mve_liquidar_agente_vendedor,BASE TABLE,-1,,essencial,Precificação de energia restringida e perda financeira,"preco_pld_financeiro, usinas_cadastro","preco_pld_financeiro: preco, ressarc, valor; usinas_cadastro: submercado",12,35,0.0,0.0,0.0,12,0.0,6.0,41.0
public,ccee_sazonalizacao_mre_gf_fator_ajuste,BASE TABLE,-1,,essencial,Precificação de energia restringida e perda financeira,"preco_pld_financeiro, usinas_cadastro, disponibilidade_operacao","preco_pld_financeiro: perda; usinas_cadastro: usi, usina; disponibilidade_operacao: dispon",10,35,0.0,0.0,0.0,10,0.0,5.0,40.0
public,ccee_ccgf_cont_sazonalizado,BASE TABLE,372,,investigar,Uso não evidente para o MVP; avaliar amostra e relacionamentos,nenhum,,4,5,12.85854415904344,1.0,100.0,4,20.0,2.0,39.9
public,ccee_penalidade_preco_mensal,BASE TABLE,-1,,essencial,Precificação de energia restringida e perda financeira,preco_pld_financeiro,"preco_pld_financeiro: preco, valor",7,35,0.0,0.0,0.0,7,0.0,3.5,38.5
public,ccee_ccgf_balanco_energetico_mensal,BASE TABLE,-1,,essencial,"Cadastro operacional, disponibilidade, geração e seleção de usinas","usinas_cadastro, disponibilidade_operacao, dessem_balanco_programacao","usinas_cadastro: usi, usina; disponibilidade_operacao: geracao; dessem_balanco_programacao: balanco",7,35,0.0,0.0,0.0,7,0.0,3.5,38.5
public,ccee_encargo_importacao_geracao,BASE TABLE,-1,,essencial,Identificação de restrições/curtailment e razão do corte,"restricoes_curtailment, disponibilidade_operacao","restricoes_curtailment: constrained; disponibilidade_operacao: geracao, potencia",7,35,0.0,0.0,0.0,7,0.0,3.5,38.5
public,ccee_eolica_gf_definida,BASE TABLE,-1,,essencial,"Cadastro operacional, disponibilidade, geração e seleção de usinas","usinas_cadastro, disponibilidade_operacao","usinas_cadastro: eolica; disponibilidade_operacao: capacidade, geracao",6,35,0.0,0.0,0.0,6,0.0,3.0,38.0
public,ccee_geracao_submercado,BASE TABLE,-1,,essencial,"Cadastro operacional, disponibilidade, geração e seleção de usinas","usinas_cadastro, disponibilidade_operacao",usinas_cadastro: submercado; disponibilidade_operacao: geracao,5,35,0.0,0.0,0.0,5,0.0,2.5,37.5
public,ccee_pld_final_medio,BASE TABLE,-1,,essencial,Precificação de energia restringida e perda financeira,"preco_pld_financeiro, usinas_cadastro",preco_pld_financeiro: pld; usinas_cadastro: submercado,4,35,0.0,0.0,0.0,4,0.0,2.0,37.0
public,ccee_pldx_valor_anual,BASE TABLE,-1,,essencial,Precificação de energia restringida e perda financeira,preco_pld_financeiro,"preco_pld_financeiro: pld, valor",3,35,0.0,0.0,0.0,3,0.0,1.5,36.5
public,ccee_fotovoltaica_gf_definida,BASE TABLE,-1,,útil,"Geração, disponibilidade e validação operacional",disponibilidade_operacao,"disponibilidade_operacao: capacidade, geracao",6,25,0.0,0.0,0.0,6,0.0,3.0,28.0
public,ccee_biomassa_gf_definida,BASE TABLE,-1,,útil,"Geração, disponibilidade e validação operacional",disponibilidade_operacao,"disponibilidade_operacao: capacidade, geracao",6,25,0.0,0.0,0.0,6,0.0,3.0,28.0
public,ccee_pch_cgh_gf_definida,BASE TABLE,-1,,útil,"Geração, disponibilidade e validação operacional",disponibilidade_operacao,"disponibilidade_operacao: capacidade, geracao",6,25,0.0,0.0,0.0,6,0.0,3.0,28.0
public,ccee_sazonalizacao_mre_gf_motorizacao_submercado,BASE TABLE,-1,,útil,Cadastro/enriquecimento de usinas e chaves de join,usinas_cadastro,"usinas_cadastro: submercado, usi, usina",6,25,0.0,0.0,0.0,6,0.0,3.0,28.0
public,ccee_acl_eol,BASE TABLE,-1,,útil,"Geração, disponibilidade e validação operacional",disponibilidade_operacao,"disponibilidade_operacao: capacidade, geracao",5,25,0.0,0.0,0.0,5,0.0,2.5,27.5
public,ccee_biomassa_acl,BASE TABLE,-1,,útil,"Geração, disponibilidade e validação operacional",disponibilidade_operacao,"disponibilidade_operacao: capacidade, geracao",5,25,0.0,0.0,0.0,5,0.0,2.5,27.5
public,ccee_garantia_fisica_sazo_mre_submercado,BASE TABLE,-1,,útil,Cadastro/enriquecimento de usinas e chaves de join,usinas_cadastro,usinas_cadastro: submercado,4,25,0.0,0.0,0.0,4,0.0,2.0,27.0
public,ccee_garantia_fisica_fonte,BASE TABLE,-1,,útil,Cadastro/enriquecimento de usinas e chaves de join,usinas_cadastro,usinas_cadastro: fonte,4,25,0.0,0.0,0.0,4,0.0,2.0,27.0
public,ccee_reserva_penalidade,BASE TABLE,-1,,investigar,Uso não evidente para o MVP; avaliar amostra e relacionamentos,nenhum,,6,5,0.0,0.0,0.0,6,0.0,3.0,8.0
public,ccee_garantia_fisica_lastro,BASE TABLE,-1,,investigar,Uso não evidente para o MVP; avaliar amostra e relacionamentos,nenhum,,5,5,0.0,0.0,0.0,5,0.0,2.5,7.5
public,ccee_fator_ajuste_gf,BASE TABLE,-1,,investigar,Uso não evidente para o MVP; avaliar amostra e relacionamentos,nenhum,,3,5,0.0,0.0,0.0,3,0.0,1.5,6.5
public,ccee_sazonalizacao_ccgf,BASE TABLE,-1,,investigar,Uso não evidente para o MVP; avaliar amostra e relacionamentos,nenhum,,3,5,0.0,0.0,0.0,3,0.0,1.5,6.5
