table_schema,table_name,table_type,estimated_rows,exact_rows
public,aneel_siga,BASE TABLE,7217,
public,balanco_dessem_detalhe,BASE TABLE,17150,
public,balanco_dessem_geral,BASE TABLE,17808,
public,ccee_acl_eol,BASE TABLE,-1,
public,ccee_biomassa_acl,BASE TABLE,-1,
public,ccee_biomassa_gf_definida,BASE TABLE,-1,
public,ccee_ccgf_balanco_energetico_mensal,BASE TABLE,-1,
public,ccee_ccgf_cont_sazonalizado,BASE TABLE,372,
public,ccee_ccgf_resultado_mensal,BASE TABLE,-1,
public,ccee_consumo_horario_submercado,BASE TABLE,25584,
public,ccee_contrato_montante_submercado_horario,BASE TABLE,25584,
public,ccee_encargo_horario_submercado,BASE TABLE,22680,
public,ccee_encargo_importacao_geracao,BASE TABLE,-1,
public,ccee_energia_distrib_horario_submercado,BASE TABLE,74520,
public,ccee_energia_incentivada_gf_fonte,BASE TABLE,129,
public,ccee_energia_incentivada_mensal,BASE TABLE,-1,
public,ccee_eolica_gf_definida,BASE TABLE,-1,
public,ccee_fator_ajuste_gf,BASE TABLE,-1,
public,ccee_fotovoltaica_gf_definida,BASE TABLE,-1,
public,ccee_garantia_fisica_fonte,BASE TABLE,-1,
public,ccee_garantia_fisica_lastro,BASE TABLE,-1,
public,ccee_garantia_fisica_sazo_lastro,BASE TABLE,348,
public,ccee_garantia_fisica_sazo_mre_submercado,BASE TABLE,-1,
public,ccee_garantia_fisica_sazo_submercado,BASE TABLE,264,
public,ccee_geracao_fonte_primaria,BASE TABLE,-1,
public,ccee_geracao_horaria,BASE TABLE,22632,
public,ccee_geracao_horaria_fonte_submercado,BASE TABLE,25584,
public,ccee_geracao_horaria_submercado,BASE TABLE,21168,
public,ccee_geracao_submercado,BASE TABLE,-1,
public,ccee_mcsd_energia_existente_apuracao_liquidacao_p3,BASE TABLE,236,
public,ccee_mcsd_energia_nova_apuracao_liquidacao,BASE TABLE,-1,
public,ccee_mre_mensal,BASE TABLE,-1,
public,ccee_mve_liquidar_agente_comprador,BASE TABLE,219,
public,ccee_mve_liquidar_agente_vendedor,BASE TABLE,-1,
public,ccee_pch_cgh_gf_definida,BASE TABLE,-1,
public,ccee_penalidade_classe_mensal,BASE TABLE,274,
public,ccee_penalidade_consumo_horario,BASE TABLE,24120,
public,ccee_penalidade_preco_mensal,BASE TABLE,-1,
public,ccee_pld_final_historico,BASE TABLE,66,
public,ccee_pld_final_medio,BASE TABLE,-1,
public,ccee_pld_horario,BASE TABLE,46902,
public,ccee_pld_horario_submercado,BASE TABLE,25584,
public,ccee_pld_media_diaria,BASE TABLE,1967,
public,ccee_pld_media_mensal,BASE TABLE,304,
public,ccee_pld_media_semanal,BASE TABLE,1304,
public,ccee_pld_sombra,BASE TABLE,21048,
public,ccee_pldx_valor_anual,BASE TABLE,-1,
public,ccee_rd_encargos_contab_horario,BASE TABLE,17472,
public,ccee_rd_encargos_previa_horario,BASE TABLE,17472,
public,ccee_reserva_penalidade,BASE TABLE,-1,
public,ccee_rrh_geracao_horaria,BASE TABLE,22632,
public,ccee_sazonalizacao_ccgf,BASE TABLE,-1,
public,ccee_sazonalizacao_mre_gf_fator_ajuste,BASE TABLE,-1,
public,ccee_sazonalizacao_mre_gf_motorizacao_submercado,BASE TABLE,-1,
public,ccee_sumario_be_horario_submercado,BASE TABLE,25584,
public,disponibilidade_usina,BASE TABLE,3376630,
public,fator_capacidade_2,BASE TABLE,13778577,
public,geracao_usina_2,BASE TABLE,14982759,
public,ons_geracao_usina_mensal,BASE TABLE,20863,
public,restricao_coff_eolica_detail,BASE TABLE,68903840,
public,restricao_coff_eolica_usi,BASE TABLE,319680,
public,restricao_coff_fotovoltaica,BASE TABLE,1675248,
public,restricao_coff_fotovoltaica_detail,BASE TABLE,9362688,
public,taxa_teif_teip,BASE TABLE,5536,
public,taxa_teif_teip_oper,BASE TABLE,5538,
