column_norm,data_type,ocorrencias,tabelas,colunas_originais
submercado,text,23,"public.ccee_consumo_horario_submercado, public.ccee_contrato_montante_submercado_horario, public.ccee_encargo_horario_submercado, public.ccee_garantia_fisica_sazo_mre_submercado, public.ccee_garantia_fisica_sazo_submercado, public.ccee_geracao_horaria_fonte_submercado, public.ccee_geracao_horaria_submercado, public.ccee_geracao_submercado, public.ccee_mve_liquidar_agente_comprador, public.ccee_mve_liquidar_agente_vendedor, public.ccee_penalidade_consumo_horario, public.ccee_pld_final_historico, public.ccee_pld_final_medio, public.ccee_pld_horario, public.ccee_pld_horario_submercado, public.ccee_pld_media_diaria, public.ccee_pld_media_mensal, public.ccee_pld_media_semanal, public.ccee_pld_sombra, public.ccee_rd_encargos_contab_horario",submercado
periodo_comercializacao,bigint,12,"public.ccee_consumo_horario_submercado, public.ccee_contrato_montante_submercado_horario, public.ccee_energia_distrib_horario_submercado, public.ccee_geracao_horaria, public.ccee_geracao_horaria_fonte_submercado, public.ccee_geracao_horaria_submercado, public.ccee_penalidade_consumo_horario, public.ccee_pld_horario_submercado, public.ccee_pld_sombra, public.ccee_rd_encargos_contab_horario, public.ccee_rd_encargos_previa_horario, public.ccee_sumario_be_horario_submercado",periodo_comercializacao
id_estado,text,6,"public.disponibilidade_usina, public.fator_capacidade_2, public.geracao_usina_2, public.ons_geracao_usina_mensal, public.restricao_coff_eolica_detail, public.restricao_coff_eolica_usi",id_estado
id_subsistema,text,6,"public.disponibilidade_usina, public.fator_capacidade_2, public.geracao_usina_2, public.ons_geracao_usina_mensal, public.restricao_coff_eolica_detail, public.restricao_coff_eolica_usi",id_subsistema
id_ons,text,5,"public.disponibilidade_usina, public.fator_capacidade_2, public.geracao_usina_2, public.restricao_coff_eolica_detail, public.restricao_coff_eolica_usi",id_ons
nom_usina,text,5,"public.disponibilidade_usina, public.geracao_usina_2, public.ons_geracao_usina_mensal, public.restricao_coff_eolica_detail, public.restricao_coff_eolica_usi",nom_usina
din_instante,timestamp without time zone,4,"public.disponibilidade_usina, public.fator_capacidade_2, public.geracao_usina_2, public.restricao_coff_eolica_detail",din_instante
fonte_primaria,text,4,"public.ccee_energia_incentivada_gf_fonte, public.ccee_garantia_fisica_fonte, public.ccee_geracao_fonte_primaria, public.ccee_geracao_horaria_fonte_submercado",fonte_primaria
nom_usina,character varying,4,"public.restricao_coff_fotovoltaica, public.restricao_coff_fotovoltaica_detail, public.taxa_teif_teip, public.taxa_teif_teip_oper",nom_usina
quantidade_ug_op,bigint,4,"public.ccee_biomassa_gf_definida, public.ccee_eolica_gf_definida, public.ccee_fotovoltaica_gf_definida, public.ccee_pch_cgh_gf_definida",quantidade_ug_op
data_atualizacao,bigint,3,"public.ccee_ccgf_cont_sazonalizado, public.ccee_garantia_fisica_sazo_lastro, public.ccee_garantia_fisica_sazo_submercado",data_atualizacao
nom_tipousina,text,3,"public.fator_capacidade_2, public.geracao_usina_2, public.ons_geracao_usina_mensal",nom_tipousina
periodo_comercializacao,text,3,"public.ccee_encargo_horario_submercado, public.ccee_pld_horario, public.ccee_rrh_geracao_horaria",periodo_comercializacao
cod_ceg,character varying,2,"public.taxa_teif_teip, public.taxa_teif_teip_oper",cod_ceg
cod_modalidadeoperacao,text,2,"public.geracao_usina_2, public.ons_geracao_usina_mensal",cod_modalidadeoperacao
cod_subsistema,text,2,"public.balanco_dessem_detalhe, public.balanco_dessem_geral",cod_subsistema
data,date,2,"public.ccee_rd_encargos_contab_horario, public.ccee_rd_encargos_previa_horario",data
din_instante,timestamp with time zone,2,"public.restricao_coff_fotovoltaica, public.restricao_coff_fotovoltaica_detail",din_instante
id_estado,character,2,"public.restricao_coff_fotovoltaica, public.restricao_coff_fotovoltaica_detail",id_estado
id_ons,character varying,2,"public.restricao_coff_fotovoltaica, public.restricao_coff_fotovoltaica_detail",id_ons
id_subsistema,character varying,2,"public.restricao_coff_fotovoltaica, public.restricao_coff_fotovoltaica_detail",id_subsistema
nom_modalidadeoperacao,text,2,"public.fator_capacidade_2, public.restricao_coff_eolica_detail",nom_modalidadeoperacao
tip_usina,character varying,2,"public.taxa_teif_teip, public.taxa_teif_teip_oper",tip_usina
uf_extraido,character,2,"public.taxa_teif_teip, public.taxa_teif_teip_oper",uf_extraido
valor_liquidado,double precision,2,"public.ccee_mve_liquidar_agente_comprador, public.ccee_mve_liquidar_agente_vendedor",valor_liquidado
